Metric,Sprint 1 (Baseline),Sprint 2 (Actual),Sprint 2 Target,Delta,Target Met
faithfulness,0.6834,0.7341349845735811,0.75,0.050734984573581055,False
answer_relevancy,0.7216,0.767776733403934,0.75,0.04617673340393402,True
context_precision,0.7885,0.8597916666450232,0.8,0.07129166664502318,True
context_recall,0.8224,0.8658975755914532,0.85,0.043497575591453175,True
answer_similarity,0.0,0.9057015021387564,0.8,0.9057015021387564,True
